STOJISCE_LOKACIJA,Y,X,DAT_ZACETEK,DAT_PRENEHANJE
38614,450155,68448,21.03.05
38615,450426,66604,21.03.05
38616,451728,65490,21.03.05
38617,451548,64899,21.03.05
38618,450526,65362,21.03.05
38619,452834,64654,21.03.05
38620,452939,63795,21.03.05
38621,451403,64278,21.03.05
38622,452211,64610,21.03.05
38623,453076,63184,21.03.05
38624,452390,63623,21.03.05
40785,517976,63073,18.08.05
40786,521224,61690,18.08.05,28.04.15
40787,521193,62366,18.08.05
40788,520270,60639,18.08.05,28.04.15
40789,521232,55742,18.08.05,28.04.15
40790,526259,101160,18.08.05
40791,527871,102249,18.08.05
40792,520796,99456,18.08.05
40793,522350,94899,18.08.05
40794,410450,49281,18.08.05
40795,409755,49409,18.08.05
40796,409659,49627,18.08.05
40801,401946,112423,19.08.05,17.05.18
40802,401355,111924,19.08.05,17.05.18
40807,445748,80736,19.08.05,17.05.18
40817,442629,112610,19.08.05
40818,441782,116225,19.08.05
40819,443477,109840,19.08.05
38894,543592,154875,29.03.05
38895,543062,154352,29.03.05
38896,543891,154385,29.03.05
38897,544911,153905,29.03.05
38898,544414,153438,29.03.05,31.05.18
38899,542765,152959,29.03.05,31.05.18
38900,543672,155135,29.03.05
38901,543292,154815,29.03.05
38902,543512,154815,29.03.05
39020,459128,54916,31.03.05
39021,459868,53756,31.03.05
39022,459208,53666,31.03.05
39023,459378,57804,31.03.05
39024,460076,56863,31.03.05
39025,460258,57383,31.03.05
39026,462982,54013,31.03.05
39027,461921,53161,31.03.05
39028,461495,54617,31.03.05
39029,466178,58466,31.03.05
39030,456488,57856,31.03.05
39031,464227,55641,31.03.05
39032,463999,53793,31.03.05
39153,445916,64191,04.04.05
39154,445912,64174,04.04.05
39155,445928,63731,04.04.05
39156,445505,62736,04.04.05
39157,444960,63576,04.04.05
39158,445049,63688,04.04.05
39159,445889,62154,04.04.05
39160,445995,62367,04.04.05
39161,445982,61516,04.04.05
39162,447382,62652,04.04.05
39164,447699,64302,04.04.05
39165,447676,63679,04.04.05
39166,447888,63884,04.04.05
39167,446901,61927,04.04.05
39168,447262,61507,04.04.05
39170,446646,61565,04.04.05
39171,448049,62251,04.04.05
39173,448328,62006,04.04.05
39174,449418,61984,04.04.05
39175,449495,61955,04.04.05
39176,449555,62008,04.04.05
39177,448001,61504,04.04.05
39178,449277,61553,04.04.05
39179,450239,61839,04.04.05
39180,447872,60990,04.04.05
39181,447194,60621,04.04.05
39185,446998,60487,04.04.05
39186,447177,60110,04.04.05
39187,447488,59936,04.04.05
39202,438511,56966,04.04.05
39203,439335,57154,04.04.05
39206,440759,64628,04.04.05
39207,447433,59464,04.04.05
39208,447105,60594,04.04.05
39209,446993,60593,04.04.05
39210,444270,61874,04.04.05
39211,445400,61595,04.04.05
39212,445657,61540,04.04.05
39213,445239,64336,04.04.05
39214,438452,56978,04.04.05
39215,434686,62146,04.04.05
39216,445083,62560,04.04.05
39217,446305,60805,04.04.05
39218,436192,60548,04.04.05
39219,434479,61145,04.04.05
39220,435357,60204,04.04.05
39221,435299,60031,04.04.05
39222,449823,61932,04.04.05
39223,445234,61646,04.04.05
39224,441847,64725,04.04.05
39225,442246,65220,04.04.05
39226,444088,66328,04.04.05
39227,444051,66330,04.04.05
39228,444084,66354,04.04.05
39229,444028,66927,04.04.05
39231,444491,66764,04.04.05
39232,444807,66759,04.04.05
39233,445274,66580,04.04.05
39234,444503,63118,04.04.05
39235,443804,62293,04.04.05
39236,444240,61705,04.04.05
39237,450200,61752,04.04.05
39238,450197,61916,04.04.05
39239,444542,61886,04.04.05
39240,445072,61563,04.04.05
39241,445099,61617,04.04.05
39242,434229,61661,04.04.05
39127,446897,65870,04.04.05
39128,446999,65797,04.04.05
39129,447056,65835,04.04.05
39131,447233,65694,04.04.05
39132,446971,65732,04.04.05
39134,447757,64704,04.04.05
39135,447690,65005,04.04.05
39136,446832,65052,04.04.05
39137,446788,65095,04.04.05
39138,446670,65230,04.04.05
39139,446624,65214,04.04.05
39140,446366,65933,04.04.05
39141,445771,64778,04.04.05
39142,446824,64968,04.04.05
39143,447040,64808,04.04.05
39144,447069,64796,04.04.05
39145,447058,64779,04.04.05
39146,447193,64700,04.04.05
39147,447388,64706,04.04.05
39148,446173,64885,04.04.05
39149,445835,64740,04.04.05
39150,445540,64640,04.04.05
39151,445150,64289,04.04.05
39152,445865,64178,04.04.05
39243,446006,65199,04.04.05
39244,445985,64862,04.04.05
39245,446986,64809,04.04.05
39246,447399,64731,04.04.05
39247,447760,64801,04.04.05
39248,446871,65496,04.04.05
39249,447985,64905,04.04.05
39250,447992,64847,04.04.05
38471,435931,70108,17.03.05
38472,438814,74454,17.03.05
38475,431022,78222,17.03.05
38477,438036,74357,17.03.05
38478,437967,74028,17.03.05
38479,438636,73388,17.03.05
38480,438765,73122,17.03.05
38481,438932,72825,17.03.05
38483,438143,72222,17.03.05
38484,437952,72445,17.03.05
38486,440284,73841,17.03.05
38487,440539,78221,17.03.05
38488,440445,78413,17.03.05
38489,440152,78262,17.03.05
38491,439206,78274,17.03.05
38493,438271,78331,17.03.05
38494,439108,78744,17.03.05
38496,440715,76593,17.03.05
38499,435511,72983,17.03.05
38500,455862,56688,17.03.05
38501,456648,54993,17.03.05
38502,456606,54660,17.03.05
38503,456874,54629,17.03.05
38504,456993,55159,17.03.05
38505,456838,56138,17.03.05
38506,457180,53935,17.03.05
38507,456139,56126,17.03.05
38508,455158,53346,17.03.05
38509,456501,53957,17.03.05
38510,455809,53651,17.03.05
38511,456082,53224,17.03.05
38512,458130,21880,17.03.05
38513,459830,52348,17.03.05
38514,458271,53908,17.03.05
38515,461050,52485,17.03.05
38516,458871,54684,17.03.05
38517,457973,55622,17.03.05
38518,457696,56160,17.03.05
38519,457490,58021,17.03.05
38520,458454,57096,17.03.05
38521,458851,57642,17.03.05
38522,458888,56106,17.03.05
43227,522240,55081,23.10.07,28.04.15
43228,523237,55967,23.10.07
43229,521729,54647,23.10.07
43230,520687,49455,23.10.07
43231,520444,49306,23.10.07
43232,520322,49404,23.10.07
43233,522432,48950,23.10.07,28.04.15
43234,524102,61973,23.10.07,10.09.15
43235,521341,61927,23.10.07,10.09.15
43236,521840,61418,23.10.07,10.09.15
43237,521679,61272,23.10.07,28.04.15
43238,521836,61384,23.10.07,10.09.15
43239,521338,61927,23.10.07,10.09.15
43240,518976,62386,23.10.07,10.09.15
43241,517960,63156,23.10.07,28.04.15
43242,518804,62958,23.10.07,28.04.15
43243,519086,63137,23.10.07,10.09.15
43244,517684,63938,23.10.07,14.01.10
43245,517706,63857,23.10.07,28.04.15
43246,517884,63955,23.10.07,28.04.15
43247,517918,63117,23.10.07,28.04.15
43248,518050,52657,23.10.07,28.04.15
43249,518590,63009,23.10.07,10.09.15
43250,518527,63114,23.10.07,10.09.15
42971,551714,516120,09.07.07
43326,384912,98870,13.12.07
43328,400966,86442,13.12.07
43329,401104,86478,13.12.07
43347,401895,86967,14.12.07
43349,402394,87013,14.12.07
43351,402183,86901,14.12.07,12.02.18
43353,402029,86865,14.12.07,12.02.18
43354,402059,86282,14.12.07,12.02.18
43356,401140,90530,14.12.07,12.02.18
43357,398692,89041,14.12.07
43358,399024,89275,14.12.07
43359,399183,89557,14.12.07,12.02.18
43360,400465,91453,14.12.07
43361,398665,90989,14.12.07,12.02.18
43362,398577,88934,14.12.07
43363,398453,90544,14.12.07
43365,398147,90264,14.12.07,11.12.17
43382,400715,88105,14.12.07,12.02.18
43383,400835,88180,14.12.07
43384,402619,87349,14.12.07
43385,397747,89532,14.12.07
43386,397784,89739,14.12.07
43387,396798,89581,14.12.07
43388,396543,88963,14.12.07
43389,395663,89544,14.12.07
43391,395621,89581,14.12.07
43392,395556,89436,14.12.07
43393,395814,89455,14.12.07
43394,395664,89396,14.12.07
43395,404593,95281,14.12.07
43396,404587,95173,14.12.07
43397,404709,94677,14.12.07
43398,405017,94943,14.12.07
43401,404661,96247,14.12.07
43403,404788,95766,14.12.07
43405,405215,95879,14.12.07
43406,405407,96050,14.12.07
43407,407297,92257,14.12.07
43408,407215,92060,14.12.07
43409,402947,95196,14.12.07
43410,402903,95486,14.12.07
43411,402995,95812,14.12.07
43412,402653,96660,14.12.07,11.12.17
43413,408958,94178,14.12.07
43414,408856,94005,14.12.07
43415,407129,96428,14.12.07
43416,403207,96309,14.12.07
43417,403385,96169,14.12.07
43418,405749,90250,14.12.07
43419,405855,90430,14.12.07
43420,406171,89640,14.12.07
43421,406215,89595,14.12.07
43422,406039,89777,14.12.07
43423,396769,110074,14.12.07
43424,391368,106656,14.12.07
43425,391359,106444,14.12.07
43426,388297,105888,14.12.07
43427,387955,105798,14.12.07
43428,400934,113481,14.12.07,17.05.18
43429,400774,113827,14.12.07,17.05.18
43430,399612,114325,14.12.07,17.05.18
43431,398345,115085,14.12.07,17.05.18
43432,400675,114894,14.12.07,17.05.18
43433,400627,114918,14.12.07,17.05.18
43434,392815,120746,14.12.07,17.05.18
43435,391454,120860,14.12.07,17.05.18
43436,391692,120123,14.12.07,17.05.18
43437,393699,119842,14.12.07,17.05.18
43438,393011,121671,14.12.07,17.05.18
43439,403808,113437,14.12.07,17.05.18
43440,403723,113011,14.12.07,17.05.18
43441,407302,110216,14.12.07,17.05.18
43442,408737,107650,14.12.07,17.05.18
43443,401575,116239,14.12.07,17.05.18
43447,401683,116194,17.12.07,17.05.18
43448,402334,115751,17.12.07,17.05.18
43449,396963,119938,17.12.07
43450,397730,119592,17.12.07,17.05.18
43451,398693,118741,17.12.07,17.05.18
43452,402701,117632,17.12.07,17.05.18
43453,400879,120076,17.12.07,17.05.18
43454,401787,120632,17.12.07,17.05.18
43455,401293,121940,17.12.07,17.05.18
43456,395785,119240,17.12.07,17.05.18
43457,412088,109085,17.12.07,17.05.18
43458,411967,108560,17.12.07,17.05.18
43459,410347,111844,17.12.07,17.05.18
43460,408660,111536,17.12.07,17.05.18
43461,411772,105317,17.12.07,18.05.18
43462,414085,113472,17.12.07,18.05.18
43463,413370,113569,17.12.07,18.05.18
43464,381011,126792,17.12.07,18.05.18
43465,381937,122828,17.12.07,18.05.18
43466,385671,123804,17.12.07,18.05.18
43467,394742,121678,17.12.07,18.05.18
43468,391735,125231,17.12.07,18.05.18
43469,390378,118276,17.12.07,18.05.18
43470,389761,118284,17.12.07,18.05.18
43471,393027,117838,17.12.07,18.05.18
43472,392854,118514,17.12.07,18.05.18
43473,387686,123484,17.12.07,18.05.18
43474,389067,122260,17.12.07,18.05.18
43475,377720,124966,17.12.07,18.05.18
43476,377802,124924,17.12.07,18.05.18
43477,378702,125835,17.12.07,18.05.18
43478,388514,123369,17.12.07,18.05.18
43479,385660,123799,17.12.07,18.05.18
43480,385864,124004,17.12.07,18.05.18
43481,390071,117556,17.12.07,18.05.18
43482,400722,110430,17.12.07,18.05.18
43483,476688,103220,17.12.07
43484,487931,122663,17.12.07
43485,488075,122488,17.12.07
43486,486675,122854,17.12.07
43487,486913,122838,17.12.07
43488,487711,122708,17.12.07
43489,439648,81672,17.12.07
43490,437480,82567,17.12.07
43491,438835,83232,17.12.07
43492,440460,83459,17.12.07
43493,441498,83200,17.12.07
43494,441825,83493,17.12.07
43495,442611,84471,17.12.07
43496,442058,84737,17.12.07
43497,443132,85255,17.12.07
43498,442825,85603,17.12.07
43499,442270,85803,17.12.07
43500,442759,85948,17.12.07
43504,443133,86306,18.12.07
43505,441720,87436,18.12.07
43506,442475,87507,18.12.07
43507,441753,87929,18.12.07
43508,439148,92169,18.12.07
43509,436155,98666,18.12.07
43510,435439,97501,18.12.07
43511,435489,95875,18.12.07
43512,431622,93464,18.12.07
43513,432696,91872,18.12.07
43514,432357,91335,18.12.07
43515,433003,90720,18.12.07
43516,435895,87217,18.12.07
43517,431341,88938,18.12.07
43518,431317,89101,18.12.07
43519,431934,86389,18.12.07
43520,431279,85693,18.12.07
43521,433039,85780,18.12.07
43522,435269,85794,18.12.07
43523,432849,84420,18.12.07
43524,432316,84266,18.12.07
43525,463149,86324,18.12.07
43526,462365,86215,18.12.07
43527,462117,87323,18.12.07
43528,459766,92348,18.12.07
43529,457546,93158,18.12.07
43530,458547,89533,18.12.07
43531,460531,89193,18.12.07
43532,462683,90655,18.12.07
43533,462544,90431,18.12.07
43534,462261,90078,18.12.07
43535,460095,87375,18.12.07
43536,460530,90493,18.12.07
43537,462504,88551,18.12.07
43538,462452,88519,18.12.07
43540,454365,86456,18.12.07
43541,454241,87402,18.12.07
43542,453509,86431,18.12.07
43543,450291,82437,18.12.07
43544,450298,82429,18.12.07
43545,446603,86006,18.12.07
43546,446994,86065,18.12.07
43547,446833,85497,18.12.07
43548,445388,84854,18.12.07
43549,447821,84627,18.12.07
43550,446613,83923,18.12.07
43551,448518,83465,18.12.07
43552,448932,83028,18.12.07
43554,450794,82424,18.12.07
43555,450919,82380,18.12.07
43556,450298,82229,18.12.07
43557,446046,84012,18.12.07
43558,448182,83399,18.12.07
43559,445157,85323,18.12.07
43560,446847,87025,18.12.07
43561,445778,87019,18.12.07
43562,445712,86374,18.12.07
43563,445914,85634,18.12.07
43564,447258,88775,18.12.07
43565,446572,89622,18.12.07
43566,446147,88222,18.12.07
43567,444491,88152,18.12.07
43568,444966,87364,18.12.07
43569,446734,88511,18.12.07
43570,446985,87444,18.12.07
43571,445101,87024,18.12.07
43572,443968,89076,18.12.07
43573,443289,87252,18.12.07
43574,443464,88472,18.12.07
43575,442446,88314,18.12.07
43576,442135,90247,18.12.07
43577,441684,89730,18.12.07
43578,474855,87675,18.12.07
43579,459259,79548,18.12.07
43580,449473,68625,18.12.07
43581,447369,70855,18.12.07
43582,448975,55402,18.12.07
43583,449859,53990,18.12.07
43584,447500,55984,19.12.07
43585,446253,56689,19.12.07
43586,450027,57682,19.12.07
43587,446863,49697,19.12.07
43588,447116,49337,19.12.07
43589,447453,49091,19.12.07
43590,447306,48468,19.12.07
43591,448627,47721,19.12.07
43592,447546,47481,19.12.07
43593,447854,47262,19.12.07
43594,452457,56386,19.12.07
43595,454346,56084,19.12.07
43596,455477,56374,19.12.07
43597,450312,54923,19.12.07
43598,450569,54827,19.12.07
43599,450621,54733,19.12.07
43600,450964,54599,19.12.07
43601,451002,54580,19.12.07
43602,451142,54880,19.12.07
43603,450391,54920,19.12.07
43604,450447,54906,19.12.07
43605,447073,65851,19.12.07
43607,447440,62482,19.12.07
43608,447682,62299,19.12.07
43609,447652,64177,19.12.07
43610,447792,63159,19.12.07
43611,446679,61679,19.12.07
43612,448169,62065,19.12.07
43613,446243,65816,19.12.07
43614,446119,65496,19.12.07
43615,451351,62053,19.12.07
43616,452532,59805,19.12.07
43617,452426,60566,19.12.07
43618,452004,60613,19.12.07
43619,451419,61724,19.12.07
43620,451333,61727,19.12.07
43621,451912,60713,19.12.07
43622,451582,61436,19.12.07
43623,451888,60654,19.12.07
43624,451774,60786,19.12.07
43625,451686,61178,19.12.07
43626,452533,59252,19.12.07
43627,453198,58542,19.12.07
43628,453988,57507,19.12.07
43629,454363,57622,19.12.07
43630,454745,57673,19.12.07
43631,454942,57367,19.12.07
43632,454643,56973,19.12.07
43633,454362,56131,19.12.07
43634,455557,56471,19.12.07
43635,455723,57329,19.12.07
43636,455968,57966,19.12.07
43637,455944,58132,19.12.07
43638,452990,58061,19.12.07
43639,452765,57646,19.12.07
43640,452528,57341,19.12.07
43641,452700,57159,19.12.07
43642,452472,56419,19.12.07
43643,452162,56385,19.12.07
43644,452079,56410,19.12.07
43645,451673,56314,19.12.07
43646,453408,58376,19.12.07
43647,453556,58616,19.12.07
43648,452627,59223,19.12.07
43649,453882,59009,19.12.07
43650,452429,58149,19.12.07
43651,451347,59063,19.12.07
43652,451139,59123,19.12.07
43653,450786,59748,19.12.07
43654,450661,60739,19.12.07
43655,450912,61345,19.12.07
43656,447624,60531,19.12.07
43657,447782,60581,19.12.07
43658,447915,60533,19.12.07
43659,439413,57103,19.12.07
43660,439441,57101,19.12.07
43661,448085,62951,19.12.07
43662,447931,63062,19.12.07
43663,447707,62892,19.12.07
43664,447721,62887,19.12.07
43665,448683,62973,19.12.07
43666,448394,63040,19.12.07
43667,448382,63801,19.12.07
43668,448056,63551,19.12.07
43669,448207,62981,19.12.07
43670,448224,63029,19.12.07
43671,448067,63215,19.12.07
43672,448696,63100,19.12.07
43673,448793,63178,19.12.07
43674,448933,63221,19.12.07
43675,448867,63514,19.12.07
43676,449179,63324,19.12.07
43677,448587,63744,19.12.07
43678,449259,63305,19.12.07
43679,449313,63269,19.12.07
43680,449382,63058,19.12.07
43681,449419,62875,19.12.07
43682,449401,63412,19.12.07
43683,449570,63405,19.12.07
43684,449631,63508,19.12.07
43685,449758,63608,19.12.07
43686,449921,63643,19.12.07
43687,449924,63714,19.12.07
43081,461587,126877,01.10.07
43082,465056,126937,01.10.07
43083,465364,126765,01.10.07
43084,457886,120296,01.10.07
43085,459521,119089,01.10.07
43086,458300,119416,01.10.07
43087,457532,120557,01.10.07
43088,457256,120764,01.10.07
43089,461419,127027,01.10.07
43090,463159,127428,01.10.07
43091,462723,127147,01.10.07
43092,462817,128254,01.10.07
43093,541169,164047,02.10.07
43094,542065,159953,02.10.07
43095,433659,133064,02.10.07
43096,433097,131773,02.10.07
43097,434277,131291,02.10.07
43098,434327,131439,02.10.07
43099,433775,130500,02.10.07
43100,435192,130546,02.10.07
43101,434491,130106,02.10.07
43102,432740,129536,02.10.07
43103,433374,129226,02.10.07
43104,433695,129378,02.10.07
43105,435082,129425,02.10.07
43106,433809,132926,02.10.07
43107,504218,133789,02.10.07
43108,503412,134053,02.10.07
43109,500003,135857,02.10.07
43110,424733,127335,02.10.07
43111,424769,127262,02.10.07
43112,454344,126574,02.10.07
43113,453908,124447,02.10.07
43114,444859,109612,02.10.07
43115,444075,107926,02.10.07
43116,443150,109832,02.10.07
43117,440904,108782,02.10.07
43118,441135,108331,02.10.07
43119,443190,108352,02.10.07
43120,443903,117030,02.10.07
43121,446756,108196,02.10.07
43122,446900,107840,02.10.07
43123,447944,111619,02.10.07
43124,448850,111454,02.10.07
43125,427254,91398,03.10.07
43126,427406,91673,03.10.07
43127,424841,92965,03.10.07
43128,424866,92965,03.10.07
43129,424375,92830,03.10.07
43130,423445,92048,03.10.07
43131,422714,90996,03.10.07
43132,424421,90137,03.10.07
43133,425791,90993,03.10.07
43134,426095,90085,03.10.07
43135,430303,89748,03.10.07
43136,430637,89537,03.10.07
43137,430576,88842,03.10.07
43688,449972,63804,20.12.07
43689,450034,63848,20.12.07
43690,449940,63873,20.12.07
43691,450028,64276,20.12.07
43692,450328,63896,20.12.07
43693,450568,63889,20.12.07
43694,450888,64042,20.12.07
43695,451105,63748,20.12.07
43696,451042,63553,20.12.07
43697,451045,63905,20.12.07
43698,450942,63383,20.12.07
43699,450938,63294,20.12.07
43700,450821,62913,20.12.07
43701,450701,62767,20.12.07
43702,450787,62593,20.12.07
43703,450921,62499,20.12.07
43705,451140,62561,20.12.07
43706,451026,62410,20.12.07
43707,450962,62391,20.12.07
43708,451441,62481,20.12.07
43709,451546,62435,20.12.07
43710,451241,62518,20.12.07
43711,452108,62753,20.12.07
43712,452404,62920,20.12.07
43713,450905,62270,20.12.07
43714,450610,62131,20.12.07
43715,451436,63864,20.12.07
43716,451308,64104,20.12.07
43717,451362,64237,20.12.07
43718,450523,64599,20.12.07
43719,450505,64512,20.12.07
43720,450465,64444,20.12.07
43721,449609,64128,20.12.07
43722,449678,64398,20.12.07
43723,449721,64457,20.12.07
43724,449931,65307,20.12.07
43725,449845,65464,20.12.07
43726,449444,65808,20.12.07
43727,450195,65251,20.12.07
43728,449317,65869,20.12.07
43729,449290,65871,20.12.07
43730,450391,65210,20.12.07
43731,448689,65606,20.12.07
43732,450457,65099,20.12.07
43733,448455,65364,20.12.07
43734,448418,65336,20.12.07
43735,448366,65249,20.12.07
43736,448253,65036,20.12.07
43737,448097,64870,20.12.07
43738,448088,64840,20.12.07
43739,448429,64104,20.12.07
43740,448449,64158,20.12.07
43741,448613,64304,20.12.07
43742,448951,64465,20.12.07
43743,448645,64693,20.12.07
43744,448838,65435,20.12.07
43745,448993,64578,20.12.07
43746,449388,64635,20.12.07
43747,449452,64864,20.12.07
43748,449474,65104,20.12.07
43749,449314,65277,20.12.07
43750,449073,65106,20.12.07
43751,449071,64946,20.12.07
43752,448327,63929,20.12.07
43753,448210,63602,20.12.07
43754,448916,66623,20.12.07
43755,448867,66663,20.12.07
43756,449014,66493,20.12.07
43757,447789,65969,20.12.07
43758,447795,66067,20.12.07
43759,447604,66220,20.12.07
43760,447441,66186,20.12.07
43761,447331,66175,20.12.07
43762,447284,66095,20.12.07
43138,426026,89050,03.10.07
43139,420158,94162,03.10.07
43140,418213,94127,03.10.07
43141,417719,93877,03.10.07
43142,417615,94158,03.10.07
43143,428724,87563,03.10.07
43144,429035,86205,03.10.07
43145,428133,86544,03.10.07
43146,424120,91299,03.10.07
43147,427041,83753,03.10.07
43148,426513,83665,03.10.07
43149,540843,160630,03.10.07
43150,537387,158608,03.10.07
43151,1600028,539972,03.10.07
43152,539672,158181,03.10.07,28.04.17
43153,539677,158186,03.10.07,28.04.17
43154,541260,160744,03.10.07,04.03.11
43155,541254,160765,03.10.07,04.03.11
43156,538842,158096,03.10.07
43157,537908,164136,03.10.07,17.11.15
43158,537293,161635,03.10.07
43159,535932,163255,03.10.07
43160,537232,163535,03.10.07,17.11.15
43161,536150,160669,03.10.07
43162,533240,166819,03.10.07,28.04.17
43163,533296,166733,03.10.07,28.04.17
43164,533263,160881,03.10.07,28.04.17
43165,533262,160880,03.10.07,28.04.17
43166,537151,163489,03.10.07,17.11.15
43167,440237,123433,03.10.07
43168,439783,125241,03.10.07
43169,436340,126793,03.10.07
43170,477889,105305,04.10.07
43171,478640,105274,04.10.07
43172,477204,105175,04.10.07
43173,477190,105156,04.10.07
43763,447190,66244,20.12.07
43764,447247,66292,20.12.07
43765,447284,66409,20.12.07
43766,447278,66466,20.12.07
43767,447309,66444,20.12.07
43768,447906,66473,20.12.07
43769,447686,66557,20.12.07
43770,447579,66736,20.12.07
43771,447711,66858,20.12.07
43772,447813,66998,20.12.07
43773,447871,67131,20.12.07
43774,447262,66782,20.12.07
43775,447337,66859,20.12.07
43776,447434,66903,20.12.07
43777,447543,67108,20.12.07
43778,447493,67188,20.12.07
43779,447411,67188,20.12.07
43780,447625,67376,20.12.07
43781,446643,67319,20.12.07
43782,447260,67105,20.12.07
43783,446976,66997,20.12.07
43784,446783,67179,20.12.07
43785,446743,67171,20.12.07
43786,446621,67304,20.12.07
43787,446463,67315,20.12.07
43788,446273,67215,20.12.07
43789,446348,67108,20.12.07
43790,451163,63610,20.12.07
43791,452243,62848,20.12.07
43792,448940,60983,20.12.07
43802,440288,71476,28.12.07
43803,440452,71700,28.12.07
43804,432531,81677,28.12.07
43805,432597,81767,28.12.07
43806,433042,81794,28.12.07
43807,433353,81951,28.12.07
43808,433146,81768,28.12.07
43809,433785,82226,28.12.07
43810,434081,82325,28.12.07
43811,434143,82248,28.12.07
43812,434420,82373,28.12.07
43813,434796,82716,28.12.07
43814,434718,81810,28.12.07
43815,434736,81777,28.12.07
43816,434606,83912,28.12.07
43817,434359,83764,28.12.07
43285,442597,72825,04.10.07
43284,443861,71719,04.10.07
43283,444495,71599,04.10.07
43177,444055,71004,04.10.07
43178,443472,71347,04.10.07
43179,445328,72686,04.10.07
43180,444805,74666,04.10.07
43181,443048,72116,04.10.07
43272,496238,116436,17.10.07,04.03.11
43273,496802,116603,17.10.07,04.03.11
43274,543005,156888,17.10.07
43286,543397,155033,17.10.07,31.05.18
43275,456632,89755,19.10.07
43276,457876,82428,19.10.07
43277,457843,82443,19.10.07
43278,457321,83139,19.10.07
43279,455923,87776,19.10.07
43280,479268,101773,19.10.07
43281,472005,99281,19.10.07
43282,480235,102283,19.10.07
43267,478107,102643,19.10.07
43268,479154,101702,19.10.07
43269,478683,101373,19.10.07
43217,477441,102123,19.10.07
43270,477191,102575,19.10.07
43215,476688,103220,19.10.07
48900,516119,65207,13.06.11
48901,516781,65218,13.06.11
48902,517932,65659,13.06.11
48903,519736,66485,13.06.11
48904,520319,67334,13.06.11
48905,521086,67931,13.06.11
48906,521644,67867,13.06.11
48907,512614,61862,13.06.11
48908,510098,70010,13.06.11
48909,513892,69505,13.06.11
48910,515320,73482,13.06.11
48911,514152,74448,13.06.11
48912,516442,71766,13.06.11
48917,520353,111294,14.06.11
49437,422774,137537,02.09.11
49438,423136,137190,02.09.11
49439,423080,136527,02.09.11
49440,423835,137706,02.09.11
49441,424013,138136,02.09.11
49442,424622,136272,02.09.11
49443,425219,139796,02.09.11
49444,425738,137020,02.09.11
49445,425585,132245,02.09.11
49446,427560,139769,02.09.11
37360,540879,149556,15.03.05,27.02.18
37361,537951,150285,15.03.05,27.02.18
37362,145360,54160,15.03.05,27.02.18
37363,538889,145173,15.03.05,27.02.18
37364,537791,145285,15.03.05,27.02.18
37365,536516,146859,15.03.05,27.02.18
37366,535427,146324,15.03.05,27.02.18
37367,536569,144111,15.03.05,27.02.18
37368,538791,143125,15.03.05,27.02.18
37369,530331,144585,15.03.05,27.02.18
37370,542065,147162,15.03.05,27.02.18
37371,532091,143825,15.03.05,27.02.18
37372,535231,143925,15.03.05,27.02.18
37373,533771,143745,15.03.05,27.02.18
37374,527631,149035,15.03.05,27.02.18
37375,526781,147335,15.03.05,27.02.18
37376,532351,145045,15.03.05,27.02.18
37377,144280,5339870,15.03.05,27.02.18
37378,532751,147285,15.03.05,27.02.18
37379,533731,148185,15.03.05,27.02.18
37380,535271,145025,15.03.05,27.02.18
37381,538071,147085,15.03.05,27.02.18
37382,537171,146085,15.03.05,27.02.18
37383,538951,146945,15.03.05,27.02.18
37384,536891,149125,15.03.05,27.02.18
37385,536111,148785,15.03.05,27.02.18
37386,537291,147985,15.03.05,27.02.18
37387,537451,148765,15.03.05,27.02.18
37388,536871,149845,15.03.05,27.02.18
37389,539031,149725,15.03.05,27.02.18
37390,539111,149305,15.03.05,27.02.18
37391,539871,148725,15.03.05,27.02.18
37392,539511,148205,15.03.05,27.02.18
37393,541611,147605,15.03.05,27.02.18
37394,533901,145235,15.03.05,27.02.18
37395,534011,145435,15.03.05,27.02.18
37396,533631,147005,15.03.05,27.02.18
37397,531431,145665,15.03.05,27.02.18
37398,530731,145505,15.03.05,27.02.18
37399,530351,145985,15.03.05,27.02.18
37400,529501,147335,15.03.05,27.02.18
37401,530131,148265,15.03.05,27.02.18
37402,531231,148565,15.03.05,27.02.18
37403,532211,147945,15.03.05,27.02.18
37499,409533,78264,15.03.05
37511,413764,75466,15.03.05
37513,414443,75457,15.03.05
37518,395868,75550,15.03.05
37520,394809,75477,15.03.05
34984,463242,66471,03.03.05
34985,462048,77432,03.03.05
36179,429931,84391,11.03.05
36180,430699,84177,11.03.05
36181,431156,82614,11.03.05
36182,431696,83404,11.03.05
36183,431490,84356,11.03.05
36184,431018,83939,11.03.05
36185,431307,84538,11.03.05
36186,430504,85535,11.03.05
36187,430428,84711,11.03.05
36188,428446,89010,11.03.05
36189,428519,88202,11.03.05
36190,428337,88181,11.03.05
36191,398009,83181,11.03.05,17.06.15
36206,406774,82005,11.03.05
36229,397366,87903,11.03.05
36230,397873,87347,11.03.05
36231,394392,86323,11.03.05
36232,556040,123804,11.03.05
36233,564063,149074,11.03.05
35018,461915,77497,04.03.05
35019,460662,76060,04.03.05
35052,476716,126869,04.03.05
35053,476123,125355,04.03.05
35054,475834,124618,04.03.05
35055,475236,124447,04.03.05
35056,490076,119940,04.03.05
35057,456065,93346,04.03.05
35058,453574,86468,04.03.05
35059,454694,86023,04.03.05
35060,454932,86915,04.03.05
35061,454198,78508,04.03.05
36262,552731,133504,14.03.05
36263,551851,129844,14.03.05
36264,551931,131834,14.03.05
36265,554581,131984,14.03.05
36266,556381,135084,14.03.05
36286,536325,156072,14.03.05
36287,535092,159250,14.03.05,28.04.17
36289,537795,158901,14.03.05,28.04.17
36290,536009,161552,14.03.05
36291,537922,164135,14.03.05,17.11.15
36292,539447,164065,14.03.05
36293,540539,157989,14.03.05
36294,541386,159366,14.03.05
36295,540822,161365,14.03.05
36296,540895,161438,14.03.05
36297,538809,159891,14.03.05
36298,540810,160456,14.03.05
36299,540798,160508,14.03.05,28.04.17
37653,446182,56016,17.03.05
37654,446168,56033,17.03.05
37655,447051,56125,17.03.05
37658,447628,57714,17.03.05
37659,447906,59948,17.03.05
37660,448555,58450,17.03.05
37661,449093,59659,17.03.05
37662,449396,59215,17.03.05
37663,449594,59259,17.03.05
37664,450225,58928,17.03.05
37665,449152,58153,17.03.05
37667,448977,56355,17.03.05
37668,448972,56538,17.03.05
37669,448619,55547,17.03.05
37670,448254,55467,17.03.05
37671,447894,55150,17.03.05
37672,448006,54896,17.03.05
37673,448565,54258,17.03.05
37674,448141,53654,17.03.05
37676,448200,51241,17.03.05
37677,448880,51290,17.03.05
37678,449053,53607,17.03.05
37679,449259,53649,17.03.05
35084,459442,83559,07.03.05
35086,456446,85664,07.03.05
35087,455342,82070,07.03.05
35088,458416,82728,07.03.05
35089,457910,85549,07.03.05
35090,456646,87517,07.03.05
35091,456958,89489,07.03.05
35125,505032,52498,07.03.05
35126,503552,53314,07.03.05
35127,502986,55087,07.03.05
35128,303140,55255,07.03.05
35129,502345,55399,07.03.05
35130,503439,56326,07.03.05
35131,502458,57235,07.03.05
35132,502956,57377,07.03.05
35133,502861,57867,07.03.05
35134,503720,58424,07.03.05
35135,504309,58153,07.03.05
35136,504967,58612,07.03.05
35137,505843,59570,07.03.05
35138,504713,59284,07.03.05
35139,505886,60024,07.03.05
35140,505571,60350,07.03.05
35141,505737,61041,07.03.05
35142,505041,60488,07.03.05
35143,504946,60957,07.03.05
35144,505383,57931,07.03.05
35145,506626,58874,07.03.05
35146,508559,61073,07.03.05
35147,508999,60702,07.03.05
35148,509291,60281,07.03.05
35149,510774,56355,07.03.05
35150,512081,54396,07.03.05
35151,512081,54396,07.03.05
35152,515989,60032,07.03.05
35153,515554,58956,07.03.05
35154,516605,60575,07.03.05
35155,516706,61232,07.03.05
35156,516701,53312,07.03.05
36363,401436,112110,14.03.05,17.05.18
36364,392099,122090,14.03.05,17.05.18
36365,392281,121273,14.03.05,17.05.18
36367,390823,122944,14.03.05,17.05.18
36369,445128,80756,14.03.05,17.05.18
36370,445348,80486,14.03.05,17.05.18
36371,445158,80086,14.03.05,17.05.18
36372,442042,73400,14.03.05,17.05.18
36373,443028,73166,14.03.05,17.05.18
36374,444378,71586,14.03.05,17.05.18
36375,444748,71636,14.03.05,17.05.18
36381,556110,101040,14.03.05
36382,555368,99223,14.03.05
36383,555448,100312,14.03.05
36384,555529,100277,14.03.05
36385,555608,100291,14.03.05
36386,556114,100649,14.03.05
36387,556037,100840,14.03.05
36388,553842,93658,14.03.05
37680,449822,53190,17.03.05
37681,449854,54026,17.03.05
37691,450970,55736,17.03.05
37692,451312,56091,17.03.05
37693,451353,56123,17.03.05
37694,451501,56210,17.03.05
37695,451631,56249,17.03.05
37696,452062,55852,17.03.05
37700,455109,54704,17.03.05
37701,455293,54059,17.03.05
37702,448123,47841,17.03.05
37703,448182,48094,17.03.05
37704,447785,48452,17.03.05
37706,447672,49969,17.03.05
37707,448155,49961,17.03.05
37766,495316,122834,17.03.05
37767,498126,124054,17.03.05
37768,496821,123113,17.03.05
35157,516701,53312,07.03.05
35186,430596,129221,07.03.05
35187,431185,129390,07.03.05
35189,431947,128793,07.03.05
35190,432076,128638,07.03.05
35191,433259,128950,07.03.05
35192,433337,127824,07.03.05
35193,433412,128105,07.03.05
35194,434850,128083,07.03.05
35195,435188,128169,07.03.05
35196,435476,128327,07.03.05
35197,435603,128055,07.03.05
35198,435261,128194,07.03.05
35199,435837,127341,07.03.05
35200,435829,127306,07.03.05
36405,551900,548200,14.03.05
36406,546831,152405,14.03.05
36407,546351,151565,14.03.05
36408,545402,151927,14.03.05
36409,545084,151855,14.03.05
36410,543143,151456,14.03.05
36411,542131,150305,14.03.05
36412,544491,150045,14.03.05
36413,544531,149310,14.03.05
36414,545349,148557,14.03.05
36415,545031,149845,14.03.05
36416,543611,150725,14.03.05
36417,545121,151015,14.03.05
36418,546441,150398,14.03.05
36419,546761,150945,14.03.05
36420,544031,149845,14.03.05
36421,547716,150405,14.03.05,31.05.18
36422,544934,151171,14.03.05
36449,548827,126573,14.03.05
36450,549388,125580,14.03.05
36451,549448,126170,14.03.05
36452,550620,25720,14.03.05
36453,548144,127421,14.03.05
37770,431462,103963,17.03.05,02.09.11
37771,428509,103395,17.03.05,02.09.11
37772,429305,103075,17.03.05,02.09.11
37773,428755,103978,17.03.05,02.09.11
37774,427567,102442,17.03.05,02.09.11
37775,533118,74816,17.03.05
37776,533482,74148,17.03.05
37777,534255,77082,17.03.05
35248,444319,111078,07.03.05
35249,441226,109189,07.03.05,23.03.20
35250,444699,111941,07.03.05
35251,444487,110742,07.03.05
35252,44315,112029,07.03.05
35253,442291,112932,07.03.05,23.03.20
35254,444583,113023,07.03.05
35255,444819,114472,07.03.05
35256,444574,108225,07.03.05
35257,444844,110235,07.03.05
36541,519927,141246,14.03.05
36542,523236,142486,14.03.05
36543,522834,141955,14.03.05
36544,519803,140045,14.03.05
36545,519037,138364,14.03.05
36546,521147,138410,14.03.05
36547,522489,140677,14.03.05
36548,522853,140461,14.03.05
36549,521278,141880,14.03.05
36550,522809,144247,14.03.05
36551,523670,139822,14.03.05
36552,520764,138828,14.03.05
36553,523289,135901,14.03.05
36554,524302,135519,14.03.05
36555,525190,135400,14.03.05
37945,561147,154732,17.03.05
38052,478160,146907,17.03.05
38053,481480,146357,17.03.05
38054,483980,145257,17.03.05
38055,489330,144076,17.03.05
38056,493714,149720,17.03.05
38057,496977,147891,17.03.05
38058,495194,149268,17.03.05
38059,494805,150413,17.03.05
38060,494920,147446,17.03.05
38061,496697,145919,17.03.05
38062,495341,144074,17.03.05
38063,494585,151076,17.03.05
38064,492736,143070,17.03.05
38065,491596,143876,17.03.05
38066,487580,146446,17.03.05
38067,488707,145499,17.03.05
38068,478846,149622,17.03.05
38069,478977,149309,17.03.05
38070,481018,145176,17.03.05
38071,479967,144326,17.03.05
38072,481272,144148,17.03.05
38073,482114,144197,17.03.05
38074,487153,144249,17.03.05
38075,484380,142791,17.03.05
38076,497064,144977,17.03.05
38077,492548,144904,17.03.05
38078,479484,149965,17.03.05
38079,478750,150001,17.03.05
38080,483034,143334,17.03.05
38084,50865,5404,17.03.05
38085,5403,5086,17.03.05
38086,50867,5403,17.03.05
38087,54027,5086,17.03.05
38088,50863,54022,17.03.05
38089,50867,54016,17.03.05
38090,50862,54015,17.03.05
38091,50868,54014,17.03.05
38092,50874,5402,17.03.05
38093,50877,5401,17.03.05
38094,5401,5091,17.03.05
38095,50882,54992,17.03.05
38096,54992,5088,17.03.05
38097,54983,5088,17.03.05
38098,50888,54987,17.03.05
38099,50895,54992,17.03.05
38100,50904,5499,17.03.05
38101,50892,54981,17.03.05
38102,5498,5089,17.03.05
38103,5497,5089,17.03.05
38104,50886,5497,17.03.05
38105,54966,5088,17.03.05
38106,50891,64962,17.03.05
38107,5496,5089,17.03.05
38108,50887,54961,17.03.05
38109,50882,54961,17.03.05
38110,50886,54051,17.03.05
38111,50889,5426,17.03.05
38112,50901,54012,17.03.05
36749,548416,95345,14.03.05
36754,547651,88642,14.03.05
36755,548369,89316,14.03.05
38139,428082,71469,17.03.05
38140,432671,81258,17.03.05
38141,432537,81055,17.03.05
38142,440931,72897,17.03.05
38143,428853,74728,17.03.05
38146,428903,78523,17.03.05
38147,432129,80745,17.03.05
38148,430643,79272,17.03.05
38150,437277,80904,17.03.05
38151,437132,80758,17.03.05
38152,437357,80703,17.03.05
38153,436991,81338,17.03.05
38154,436512,81007,17.03.05
38155,427938,76790,17.03.05
38156,430918,79996,17.03.05
38157,431228,80319,17.03.05
38158,431080,74121,17.03.05
38160,435955,81126,17.03.05
38161,429177,76682,17.03.05
38162,429525,76477,17.03.05
38163,428476,76730,17.03.05
38164,428154,78072,17.03.05
38165,427327,77470,17.03.05
38166,428845,76862,17.03.05
38167,428713,78285,17.03.05
38168,429391,77835,17.03.05
38169,433118,78094,17.03.05
38170,432154,78178,17.03.05
38171,432146,78058,17.03.05
38172,432046,79978,17.03.05
38173,432559,79989,17.03.05
38174,432897,80033,17.03.05
38175,431499,79519,17.03.05
38176,431819,79633,17.03.05
38177,431813,79522,17.03.05
38178,431423,78214,17.03.05
38179,430009,78792,17.03.05
38180,429659,78462,17.03.05
38181,430237,78104,17.03.05
38182,430325,78617,17.03.05
38183,430969,78299,17.03.05
38184,434360,78896,17.03.05
38185,435072,79186,17.03.05
38187,437552,81024,17.03.05
38188,437017,80750,17.03.05
38189,436171,80551,17.03.05
38190,435956,80210,17.03.05
38191,436216,79732,17.03.05
38192,436957,80139,17.03.05
38193,430535,78949,17.03.05
38194,434039,80431,17.03.05
38195,434280,80074,17.03.05
38196,433894,79515,17.03.05
38197,434599,80137,17.03.05
38198,435011,80151,17.03.05
38199,434012,79103,17.03.05
36830,475378,100194,14.03.05
36831,474975,99146,14.03.05
36832,476677,99054,14.03.05
36833,474444,101062,14.03.05
36834,476566,99397,14.03.05
36835,473147,98633,14.03.05
36836,472106,99269,14.03.05
36837,474906,98025,14.03.05
36838,478814,101481,14.03.05
36839,472003,99270,14.03.05
36840,470716,100540,14.03.05
36841,475877,99303,14.03.05
36842,473728,99370,14.03.05
36843,473935,99443,14.03.05
36844,474183,99246,14.03.05
36845,474188,99200,14.03.05
36846,474626,99201,14.03.05
36847,991556,474060,14.03.05
36848,475797,99396,14.03.05
36849,477823,101761,14.03.05
36850,476838,101119,14.03.05
36851,477105,100910,14.03.05
36853,511818,106476,14.03.05,14.06.11
36854,512401,105864,14.03.05
36855,519656,111021,14.03.05
36856,519612,111204,14.03.05
36858,492452,139074,14.03.05
36859,492092,140400,14.03.05
36860,492300,141371,14.03.05
36861,492969,141754,14.03.05
36862,493016,140083,14.03.05
38213,434305,81845,17.03.05
38214,435210,81606,17.03.05
38215,434180,81306,17.03.05
38216,433948,81132,17.03.05
38219,433054,79614,17.03.05
38220,433463,79630,17.03.05
38221,433605,79306,17.03.05
38222,433260,78890,17.03.05
38226,434110,82054,17.03.05
38228,432840,81094,17.03.05
38229,432998,81750,17.03.05
38234,436551,78838,17.03.05
38235,432524,81460,17.03.05
38236,435793,78809,17.03.05
38237,427893,71239,17.03.05
38238,429696,72153,17.03.05
38239,431122,70074,17.03.05
38240,428389,71366,17.03.05
38241,428064,71417,17.03.05
38242,429285,72190,17.03.05
38244,429681,74096,17.03.05
38246,439942,80046,17.03.05
38247,430126,70640,17.03.05
38248,428978,69400,17.03.05
38249,438693,78877,17.03.05
38250,439625,78175,17.03.05
38251,440068,79179,17.03.05
38252,428952,70188,17.03.05
38253,428023,71278,17.03.05
38254,427702,70212,17.03.05
38255,428447,71023,17.03.05
38256,428113,70540,17.03.05
38257,428458,75462,17.03.05
38258,443383,67121,17.03.05
38259,438354,76290,17.03.05
38260,438439,75964,17.03.05
38261,438439,75461,17.03.05
38262,438772,76398,17.03.05
38263,438782,75889,17.03.05
38264,440754,73468,17.03.05
38265,441983,74854,17.03.05
38266,438912,75668,17.03.05
38267,438327,71480,17.03.05
38268,438690,75115,17.03.05
38269,438656,74547,17.03.05
38270,440899,70370,17.03.05
38271,441429,70064,17.03.05
38272,439133,73719,17.03.05
38273,439505,73584,17.03.05
38274,439567,75959,17.03.05
38275,440166,75517,17.03.05
38276,440205,73559,17.03.05
38277,439870,74998,17.03.05
38278,442148,74141,17.03.05
38279,439231,72647,17.03.05
38280,441504,77313,17.03.05
38282,441586,73203,17.03.05
38283,442099,73047,17.03.05
38284,441293,72352,17.03.05
38285,441581,72119,17.03.05
38286,440792,73031,17.03.05
38287,441271,70969,17.03.05
38288,441109,71039,17.03.05
38289,439992,74863,17.03.05
36977,464761,83031,14.03.05
36978,464712,82603,14.03.05
36979,462610,84424,14.03.05
36980,462727,85478,14.03.05
36982,463517,89645,14.03.05
36986,464272,88045,14.03.05
36991,461852,87291,14.03.05
36994,462027,88835,14.03.05
36997,458833,89345,14.03.05
36999,458298,90460,14.03.05
37005,530638,130005,14.03.05
38290,440039,74750,17.03.05
38292,438454,74630,17.03.05
38294,437417,75091,17.03.05
38295,438379,73183,17.03.05
38296,437930,73250,17.03.05
38298,438389,72274,17.03.05
38299,438516,71836,17.03.05
38300,438724,71891,17.03.05
38301,442948,71771,17.03.05
38302,441620,77620,17.03.05
38329,534282,157453,17.03.05
38330,532836,154952,17.03.05
38331,531870,155522,17.03.05
38332,531446,155208,17.03.05
38333,531192,155895,17.03.05
38334,532679,154187,17.03.05
38335,530606,154265,17.03.05
38336,532864,153131,17.03.05
38337,530045,153213,17.03.05
38338,532271,152707,17.03.05
38339,531906,152149,17.03.05
38340,530959,152279,17.03.05
38341,527269,149295,17.03.05
38342,527579,150881,17.03.05
38343,528604,153103,17.03.05
38344,527850,153099,17.03.05
38345,526606,151768,17.03.05
38346,525812,149499,17.03.05
38347,525381,149307,17.03.05
38348,528270,153975,17.03.05
38349,527003,154497,17.03.05
38350,527631,154591,17.03.05
38351,526697,154874,17.03.05
38352,528228,155502,17.03.05
38353,528656,156012,17.03.05
38354,527415,156272,17.03.05
38355,530034,156825,17.03.05
38356,528205,157194,17.03.05
38357,530980,157512,17.03.05
38358,529897,157575,17.03.05
38359,528566,158145,17.03.05
38360,528319,158151,17.03.05
38361,528433,158982,17.03.05
38362,529771,158192,17.03.05
38363,530501,159012,17.03.05
38364,529383,159420,17.03.05
37009,529629,131544,14.03.05
37010,528375,134830,14.03.05
37011,534513,128942,14.03.05
37012,540697,132133,14.03.05
37013,530391,132262,14.03.05
37060,444972,84514,14.03.05
37061,444952,84373,14.03.05
38380,443077,70491,17.03.05
38381,443307,70539,17.03.05
38383,441572,75114,17.03.05
38384,441810,74205,17.03.05
38386,441788,73791,17.03.05
38387,441968,73653,17.03.05
38388,441002,72600,17.03.05
38389,440816,72521,17.03.05
38390,440903,72012,17.03.05
38391,442487,72095,17.03.05
38392,442687,71601,17.03.05
38393,441908,71859,17.03.05
38394,440848,72483,17.03.05
38396,442040,71833,17.03.05
38397,442144,71756,17.03.05
38398,442202,71646,17.03.05
38399,443380,71296,17.03.05
38400,442626,71554,17.03.05
38401,442015,70307,17.03.05
38402,442023,69826,17.03.05
38403,442193,69741,17.03.05
38404,436948,79097,17.03.05
38405,442171,69788,17.03.05
38406,442519,69530,17.03.05
38407,438262,80785,17.03.05
38408,438895,80990,17.03.05
38409,443105,69230,17.03.05
38410,444454,67937,17.03.05
38413,437537,81048,17.03.05
38414,428075,71029,17.03.05
38415,434009,81492,17.03.05
38419,432863,79514,17.03.05
38420,436525,80663,17.03.05
38422,429057,78214,17.03.05
38423,438288,80824,17.03.05
38424,436992,79353,17.03.05
38425,433088,79594,17.03.05
38426,433518,79953,17.03.05
38428,435414,80923,17.03.05
38429,434435,79939,17.03.05
38430,430606,76251,17.03.05
38431,430659,77007,17.03.05
38432,427815,70286,17.03.05
38435,427771,70255,17.03.05
38436,429831,75158,17.03.05
38437,430835,74459,17.03.05
38438,430133,74348,17.03.05
38439,429679,73727,17.03.05
38440,428694,74347,17.03.05
38450,440560,72970,17.03.05
38453,442069,75881,17.03.05
38459,431054,77803,17.03.05
38460,429431,74406,17.03.05
38461,440477,75921,17.03.05
37114,443968,89076,15.03.05
37115,443464,88472,15.03.05
37116,442446,88314,15.03.05
37117,443289,87252,15.03.05
37118,444288,87081,15.03.05
37119,444966,87364,15.03.05
37120,445101,87024,15.03.05
37121,445712,86374,15.03.05
37122,446193,86055,15.03.05
37123,446675,86287,15.03.05
37124,446603,86006,15.03.05
37125,444972,84514,15.03.05
37126,444952,84373,15.03.05
37127,446613,83923,15.03.05
37128,446994,86065,15.03.05
37129,446833,85497,15.03.05
37130,445914,85634,15.03.05
37131,448932,83028,15.03.05
37132,450052,81665,15.03.05
37133,445157,85323,15.03.05
37134,445388,84854,15.03.05
37135,448182,83399,15.03.05
37136,448518,83465,15.03.05
37137,449025,83221,15.03.05
37138,450298,82229,15.03.05
37139,446046,84012,15.03.05
37140,450794,82424,15.03.05
37141,450919,82380,15.03.05
37142,450298,82429,15.03.05
37143,446985,87444,15.03.05
37144,425293,132019,15.03.05
37145,424582,133424,15.03.05
37146,422046,134510,15.03.05
37147,421037,137732,15.03.05
37148,421699,138684,15.03.05
37149,422640,138509,15.03.05
37150,422682,136141,15.03.05
37151,422943,137053,15.03.05
37152,422942,137959,15.03.05
37153,423306,135878,15.03.05
37154,426197,135714,15.03.05
37155,425083,139147,15.03.05
37156,423381,139937,15.03.05
37157,422367,142449,15.03.05
37158,421728,142719,15.03.05
37159,421279,142992,15.03.05
37160,423685,142212,15.03.05
37161,424311,141979,15.03.05
37162,423335,143164,15.03.05
37163,423684,144116,15.03.05
37164,476299,105316,15.03.05
37165,477956,104794,15.03.05
37166,479530,105337,15.03.05
37167,479802,105942,15.03.05
37168,479543,105398,15.03.05
37169,479587,105759,15.03.05
37170,478395,105319,15.03.05
37171,478363,105327,15.03.05
37172,479389,105722,15.03.05
37173,392509,99246,15.03.05
37174,392327,99850,15.03.05
37175,391551,100269,15.03.05
37176,391143,101667,15.03.05
37177,391143,101667,15.03.05
37178,391703,101923,15.03.05
37179,395412,105523,15.03.05
37180,395443,105573,15.03.05
37182,393847,105818,15.03.05
37183,395403,107337,15.03.05
37184,398135,107999,15.03.05
37185,398839,106306,15.03.05
37186,398452,107002,15.03.05
37187,398589,106575,15.03.05
37188,398691,106578,15.03.05
37190,401080,104569,15.03.05
37191,401066,105473,15.03.05
37192,400511,107875,15.03.05
37193,400442,105811,15.03.05
37194,402005,106251,15.03.05
37195,400502,106645,15.03.05
37196,397849,112668,15.03.05
37197,398627,111633,15.03.05
37198,397899,108399,15.03.05
37199,397752,108416,15.03.05
37200,396525,109507,15.03.05
37201,396583,109443,15.03.05
37202,396747,110135,15.03.05
37204,396720,110317,15.03.05
37205,387402,105792,15.03.05
37206,387445,105830,15.03.05
37207,387958,105829,15.03.05
37208,388289,105876,15.03.05
37209,391947,107051,15.03.05
37210,389812,106694,15.03.05
37211,391422,106279,15.03.05
37212,391408,107268,15.03.05
37213,391341,106356,15.03.05
37214,392486,108341,15.03.05
37215,392427,107992,15.03.05
37216,398468,111645,15.03.05
37217,396500,110332,15.03.05
37218,394808,110703,15.03.05
37219,396134,113269,15.03.05
37220,395902,112411,15.03.05
37221,393763,110445,15.03.05
37222,393822,110536,15.03.05
37223,393844,110521,15.03.05
37224,394846,110703,15.03.05
37225,295251,110200,15.03.05
37226,395715,110898,15.03.05
37227,395194,109707,15.03.05
37228,395462,111029,15.03.05
37232,389034,93467,15.03.05
37233,389057,93426,15.03.05
37234,384554,94744,15.03.05
37235,387183,94887,15.03.05
37236,382975,96198,15.03.05
37237,383142,96218,15.03.05
37238,385467,102223,15.03.05
37239,382838,97005,15.03.05
37240,382599,97186,15.03.05
37241,383148,97464,15.03.05
37242,382852,97946,15.03.05
37243,385098,99535,15.03.05
37244,384657,99842,15.03.05
37245,385476,102742,15.03.05
37247,390351,96159,15.03.05
37252,542134,164608,15.03.05
37253,542304,161865,15.03.05,29.05.18
37254,541768,163094,15.03.05,22.05.18
37255,541831,163750,15.03.05,22.05.18
37256,543072,164203,15.03.05
37257,543018,164981,15.03.05
37258,542998,163783,15.03.05
37259,544824,162744,15.03.05,22.05.18
37260,544411,165171,15.03.05
37261,544781,163702,15.03.05
37262,544128,162333,15.03.05
37263,544518,161794,15.03.05
37264,542801,161261,15.03.05,22.05.18
38557,445138,81040,21.03.05
38558,445520,81492,21.03.05
38559,446480,80704,21.03.05
38560,446349,80576,21.03.05
38561,445986,80578,21.03.05
38562,445885,80869,21.03.05
38563,445833,80932,21.03.05
38564,445681,81375,21.03.05
38565,445613,72611,21.03.05
38567,444087,73664,21.03.05
38568,443139,72998,21.03.05
38569,442562,72795,21.03.05
38570,442928,72421,21.03.05
38571,443295,72291,21.03.05
38572,443376,72277,21.03.05
38573,443527,72768,21.03.05
38574,443487,72718,21.03.05
38575,445746,80738,21.03.05
38576,445197,80079,21.03.05
38577,445480,73888,21.03.05
38578,444931,74210,21.03.05
38579,446808,78774,21.03.05
38580,446780,78905,21.03.05
38581,446934,77789,21.03.05
38582,446290,78906,21.03.05
38583,446823,79590,21.03.05
38584,446908,79012,21.03.05
38585,446214,80395,21.03.05
38586,446021,80089,21.03.05
38587,446380,78084,21.03.05
38589,446274,79553,21.03.05
38590,446232,79254,21.03.05
38591,446113,79949,21.03.05
38592,446446,79563,21.03.05
38593,446283,78347,21.03.05
38594,443037,73157,21.03.05
38600,446369,71185,21.03.05
38601,447145,71018,21.03.05
38602,446855,70483,21.03.05
38604,447026,69941,21.03.05
38605,449307,68953,21.03.05
38607,449374,68362,21.03.05
38608,449315,68318,21.03.05
38609,448993,67914,21.03.05
38610,449048,68093,21.03.05
38611,448947,67777,21.03.05
38612,448767,67273,21.03.05
38613,449676,67499,21.03.05
43962,492497,138982,04.01.08
43963,493648,140296,04.01.08
43964,493294,139813,04.01.08
43965,493892,140522,04.01.08
43966,494427,140691,04.01.08
43967,494645,141380,04.01.08
43968,492600,142939,04.01.08
43969,493130,142913,04.01.08
43970,493712,142755,04.01.08
43971,493654,143350,04.01.08
43972,495617,142349,04.01.08
43973,494310,142625,04.01.08
43974,494060,142601,04.01.08
43975,496004,140911,04.01.08
43976,495663,141809,04.01.08
43977,496782,141482,04.01.08
43978,496751,140483,04.01.08
43979,496865,139702,04.01.08
43980,496190,139622,04.01.08
43981,497356,139123,04.01.08
43982,496041,143638,04.01.08
43983,496668,142422,04.01.08
43984,497340,142497,04.01.08
43985,498484,139762,04.01.08
43986,497735,143876,04.01.08
43987,497161,144938,04.01.08
43988,496715,145939,04.01.08
43989,497222,145479,04.01.08
43990,498202,145378,04.01.08
43991,498426,144557,04.01.08
43992,498525,142223,04.01.08
43993,496870,143477,04.01.08
43994,498972,143842,04.01.08
43995,500097,144482,04.01.08
43996,500503,144313,04.01.08
43997,500559,143619,04.01.08
43998,499317,143364,04.01.08
43999,499996,142747,04.01.08
44000,502981,144038,04.01.08
44001,501449,141021,04.01.08
44002,491291,132034,04.01.08,25.03.10
44003,492401,134386,04.01.08,25.03.10
44004,494702,132215,04.01.08,25.03.10
44005,593501,180564,04.01.08,25.03.10
44006,597452,168001,04.01.08
44007,589769,163940,04.01.08
44008,615041,157940,04.01.08,02.10.17
44009,593984,159972,04.01.08
44010,595514,159199,04.01.08
44011,595113,158653,04.01.08
44012,596679,164498,04.01.08
44013,584945,162950,04.01.08
44014,585743,162908,04.01.08
44015,585354,163303,04.01.08,02.02.10
44016,585334,163238,04.01.08,02.02.10
44017,586440,162800,04.01.08
44018,564621,163868,04.01.08
44019,562231,168913,04.01.08
44020,561882,152462,04.01.08
44022,562764,153340,04.01.08
44023,562050,155195,04.01.08
44024,560077,156436,04.01.08
44025,560739,157606,04.01.08
44026,564784,159796,04.01.08
44027,564236,158306,04.01.08
44028,563610,160846,04.01.08
44029,523376,165533,04.01.08
44031,529949,166602,04.01.08
44032,529573,167643,04.01.08
44035,530474,166365,04.01.08
44036,527261,167578,04.01.08
44037,530284,165097,04.01.08
44038,526037,166827,04.01.08
44039,532558,160710,04.01.08
44040,532453,161089,04.01.08
43888,545455,86048,03.01.08
43889,550399,90518,03.01.08
43890,548694,92142,03.01.08
43891,550021,94049,03.01.08
43892,555588,100252,03.01.08
43893,555690,100315,03.01.08
43894,554699,97165,03.01.08
43895,553567,95703,03.01.08
43896,553844,95739,03.01.08
43897,550505,77998,03.01.08
43898,550495,77957,03.01.08
43900,555343,99931,03.01.08
43901,547680,94724,03.01.08
43902,552729,94565,03.01.08
43903,543244,79093,03.01.08
43904,543186,79760,03.01.08
43905,541171,80345,03.01.08
43907,539843,80528,03.01.08
43908,542316,81160,03.01.08
43909,545902,80754,03.01.08
43910,543621,81366,03.01.08
43911,543347,80529,03.01.08
43912,543705,80532,03.01.08
43913,545839,81358,03.01.08
43914,547335,81975,03.01.08
43915,546324,81630,03.01.08
43916,548811,78446,03.01.08
43917,546169,82028,03.01.08
43918,551493,94892,03.01.08
43919,551992,97352,03.01.08
43920,548761,93610,03.01.08
43921,548572,93715,03.01.08
43922,548451,93228,03.01.08
43923,547822,94858,03.01.08
43924,550982,95550,03.01.08
43925,551183,91951,04.01.08
43926,551047,92546,04.01.08
43927,550489,93157,04.01.08
43928,554646,97586,04.01.08
43929,554614,97586,04.01.08
43930,544877,83550,04.01.08
43931,543160,78687,04.01.08
43932,544367,81374,04.01.08
43933,549618,78895,04.01.08
43934,551028,79041,04.01.08
43935,549441,78324,04.01.08
43936,544334,79842,04.01.08
43937,529879,130299,04.01.08
43938,529151,130006,04.01.08
43939,527765,130957,04.01.08
43940,539329,133427,04.01.08
43941,540725,130073,04.01.08
43942,532841,131072,04.01.08
43943,529346,132667,04.01.08,25.03.10
43944,519810,141123,04.01.08
43945,519531,141969,04.01.08
43946,522720,141995,04.01.08
43947,522949,144209,04.01.08
43948,520307,142590,04.01.08
43949,523019,139988,04.01.08
43951,521046,138031,04.01.08
43952,520521,138589,04.01.08
43953,519610,111203,04.01.08,14.06.11
43954,519656,111020,04.01.08,13.06.11
43955,520353,111294,04.01.08
43956,520258,111371,04.01.08
43957,520917,111409,04.01.08
43958,520745,111519,04.01.08
43959,520791,111480,04.01.08
43960,511817,106476,04.01.08,13.06.11
43961,512401,105864,04.01.08,13.06.11
44041,532489,161019,04.01.08
44042,524122,166351,04.01.08
44043,523926,165579,04.01.08
44044,521788,157617,04.01.08
44045,521285,157763,04.01.08
44046,522019,156574,04.01.08
44047,523347,155496,04.01.08
44048,427770,57570,04.01.08
44049,426035,57794,04.01.08
44050,423698,55098,04.01.08
44051,423701,54984,04.01.08
44052,423605,54781,04.01.08
44053,424680,53951,04.01.08
44054,424079,53493,04.01.08
44055,422313,56440,04.01.08
44056,420895,57179,04.01.08
44057,420790,56987,04.01.08
44058,427870,59135,04.01.08
44059,427620,57705,04.01.08
44061,427920,59187,04.01.08
44062,427523,58543,04.01.08
44063,427294,57867,04.01.08
44064,427176,57582,04.01.08
44065,426599,57879,04.01.08
44066,426327,57732,04.01.08
44067,426234,57503,04.01.08
44068,426481,59556,04.01.08
44069,413084,51349,04.01.08
44070,420398,55037,04.01.08
44071,416174,51847,04.01.08
44072,415873,52352,04.01.08
44073,415312,52920,04.01.08
44074,414815,53460,04.01.08
44075,414778,53185,04.01.08
44076,414406,53321,04.01.08
44077,414124,53795,04.01.08
44079,414641,50395,08.01.08
44080,416084,51270,08.01.08
44081,414271,48622,08.01.08
44082,414611,48245,08.01.08
44083,414901,47889,08.01.08
44084,413911,48025,08.01.08
44085,420768,54458,08.01.08
44086,420168,55139,08.01.08
44087,409211,78365,08.01.08
44088,413413,76119,08.01.08
44089,413021,75198,08.01.08
44090,399976,72949,08.01.08
44091,399139,72569,08.01.08
44092,397748,75290,08.01.08
44093,395671,75436,08.01.08
44094,394919,75404,08.01.08
44095,392727,75383,08.01.08
44096,392805,75852,08.01.08
44097,391783,75482,08.01.08
44098,391016,75952,08.01.08
44099,409957,77803,08.01.08
44100,409782,77773,08.01.08
44101,412042,76775,08.01.08
44102,412380,76642,08.01.08
44103,412730,76743,08.01.08
44104,412946,76587,08.01.08
44105,413118,76423,08.01.08
44106,413182,76163,08.01.08
44107,413934,73692,08.01.08
44298,508444,50936,03.04.08,13.11.17
44369,503928,82004,08.04.08
44371,498821,79881,08.04.08
44373,518715,48540,08.04.08,13.11.17
44375,518397,49964,08.04.08,09.04.09
44377,520007,35460,08.04.08,09.04.09
44379,505767,49838,08.04.08,13.11.17
45963,444288,87081,10.04.09
45984,442135,90247,10.04.09
45987,446700,86938,10.04.09
45989,446847,87025,10.04.09
45990,445778,87019,10.04.09
45991,446734,88511,10.04.09
45992,446147,88222,10.04.09
45993,444491,88152,10.04.09
45994,447258,88775,10.04.09
45995,446572,89622,10.04.09
45997,447649,84543,10.04.09
45998,446046,84012,10.04.09
44299,506903,50317,03.04.08,09.04.09
44301,506680,50099,03.04.08,09.04.09
44305,507475,49083,03.04.08,09.04.09
44309,506754,48896,03.04.08,13.11.17
44311,505403,49869,03.04.08,13.11.17
44312,507199,49299,03.04.08,09.04.09
44313,507278,49745,03.04.08,13.11.17
44315,515510,50970,03.04.08,13.11.17
44317,518793,49001,03.04.08,13.11.17
44319,514532,45809,03.04.08,09.04.09
44321,513812,41315,03.04.08,13.11.17
44323,513587,41315,03.04.08,13.11.17
44325,513636,41439,03.04.08,13.11.17
44327,513565,41527,03.04.08,13.11.17
44329,513477,41686,03.04.08,13.11.17
44331,509678,44937,03.04.08,13.11.17
44333,497390,87568,03.04.08
44335,497207,78963,03.04.08
44337,504722,86950,03.04.08
44339,505602,85687,03.04.08
44341,505602,85687,03.04.08
44343,496683,89884,03.04.08
44345,495896,93091,03.04.08
44347,494118,89884,03.04.08
45999,446194,84858,10.04.09
46000,446274,84493,10.04.09
46001,448076,85645,10.04.09
46002,450291,82437,10.04.09
44389,522364,41596,10.04.08,13.11.17
43818,443042,72136,03.01.08
43819,444393,71580,03.01.08
43820,444727,71642,03.01.08
43821,445340,72694,03.01.08
43822,445071,80743,03.01.08
43823,454911,59504,03.01.08
43824,462618,60566,03.01.08
43825,465231,59760,03.01.08
43826,465513,59884,03.01.08
43827,461116,55561,03.01.08
43828,463114,52431,03.01.08
43830,460363,54322,03.01.08
43831,460727,56503,03.01.08
43832,460941,55990,03.01.08
43833,459265,53677,03.01.08
43834,459893,53764,03.01.08
43835,459142,54908,03.01.08
43836,458757,56254,03.01.08
43837,466173,58456,03.01.08
43838,465496,57856,03.01.08
43839,453513,60261,03.01.08
43841,452450,61778,03.01.08
43842,457773,52347,03.01.08
43844,536420,101774,03.01.08,21.01.11
43845,536702,102744,03.01.08,21.01.11
43846,537067,103463,03.01.08,21.01.11
43847,537071,102745,03.01.08,21.01.11
43848,537464,100631,03.01.08,21.01.11
43849,537536,100665,03.01.08,21.01.11
43850,534990,103096,03.01.08
43851,533367,103149,03.01.08
43852,533963,102125,03.01.08
43853,541168,95954,03.01.08,21.01.11
43854,519485,89658,03.01.08
43855,512219,92482,03.01.08
43856,514296,92519,03.01.08
43857,514216,92860,03.01.08
43858,514940,91144,03.01.08
43859,511685,97671,03.01.08
43860,511427,98021,03.01.08
43861,508656,99842,03.01.08
43862,510089,97396,03.01.08
43863,511919,95411,03.01.08
43864,517595,91078,03.01.08
43866,537464,89910,03.01.08
43867,538027,92390,03.01.08
43868,531124,89339,03.01.08
43869,540186,79392,03.01.08
43870,542543,90926,03.01.08
43871,542406,90649,03.01.08
43872,541742,90670,03.01.08
43873,540450,87848,03.01.08
43874,540693,88075,03.01.08
43875,541998,87956,03.01.08
43876,536338,102096,03.01.08
43877,535245,103161,03.01.08
43878,530202,75707,03.01.08
43879,532297,74301,03.01.08
43880,532791,75142,03.01.08
43881,536217,75509,03.01.08,09.04.09
43882,530588,77755,03.01.08
43883,530804,77953,03.01.08
43884,529369,75613,03.01.08
43885,542336,86773,03.01.08
43886,543834,86966,03.01.08
43887,544941,85863,03.01.08
59437,521065,54717,06.05.15,12.08.15
80214,613125,160319,04.04.21
80215,613563,159632,04.04.21
80224,605846,164328,07.04.21,12.06.21
80226,614692,156914,07.04.21,28.06.21
80264,613884,157147,08.04.21,12.06.21
80330,550086,140693,20.04.21
80331,551723,141558,20.04.21
80332,547805,139578,20.04.21
80333,548190,139535,20.04.21
80335,549169,139108,20.04.21
80336,550272,138705,20.04.21
80601,543560,162864,10.05.21
80769,617104,155436,23.05.21
81205,616840,155574,16.06.21
81206,617169,155833,16.06.21
81207,615057,157952,16.06.21
81208,615867,152776,16.06.21,13.07.21
81209,614692,159292,16.06.21
81210,614643,158811,16.06.21
81211,617123,151720,16.06.21
81418,542492,160957,22.06.21
81516,541991,163544,23.06.21,23.06.21
81515,541991,163544,23.06.21
81517,541991,163544,23.06.21,23.06.21
81576,441260,108461,27.06.21
81624,404004,44052,28.06.21
81625,403122,44642,28.06.21
81626,404406,49275,28.06.21
81627,404508,41923,28.06.21
81628,405220,38310,28.06.21
81629,403140,38816,28.06.21
81630,402842,38893,28.06.21
81631,402023,37987,28.06.21
81857,616138,153309,13.07.21
81858,610130,155509,13.07.21
82103,610970,162612,29.07.21
82170,612262,154789,03.08.21,03.08.21
82171,612377,154728,03.08.21
82173,615463,154440,03.08.21
66725,536277,155890,27.04.17
66726,545611,151400,27.04.17
66728,539251,157113,28.04.17
66729,537213,159863,28.04.17
66730,537888,159905,28.04.17
66732,539175,163949,28.04.17
66733,539175,163903,28.04.17,28.04.17
66734,539018,163903,28.04.17
66735,537232,159859,28.04.17
66736,536218,157128,28.04.17
66848,614908,158790,05.05.17,14.06.17
66946,612107,159707,10.05.17,14.06.17
66978,611897,160318,11.05.17,14.06.17
66979,611855,159592,11.05.17,01.08.17
67016,617097,155422,12.05.17,14.06.17
67090,543949,151095,15.05.17
67118,616235,156703,17.05.17,14.06.17
67119,616253,156791,17.05.17,14.06.17
67264,538809,159891,23.05.17
67426,541361,154575,29.05.17
67434,544383,151308,29.05.17
67600,541181,157518,05.06.17
67945,541397,159330,13.06.17,13.06.17
67946,541397,159297,13.06.17,13.06.17
67947,541332,159296,13.06.17
67948,616235,156703,14.06.17,30.10.18
68026,535661,154932,14.06.17
68027,539610,151621,14.06.17
68028,539610,151621,14.06.17
68110,534247,152643,17.06.17
68111,535968,154254,17.06.17
68200,532811,141319,21.06.17
68472,616180,153275,23.07.17,15.10.17
68526,614387,153345,27.07.17,14.11.17
68528,612370,154731,27.07.17,14.11.17
68580,604013,164753,04.08.17,29.05.18
68610,603870,164691,11.08.17,14.11.17
68611,604552,164098,11.08.17,14.11.17
68984,512181,42606,13.11.17
68985,523731,35868,13.11.17
68986,524329,42880,13.11.17
68987,515892,36047,13.11.17
68988,504790,42444,13.11.17
68989,513352,43260,13.11.17
68990,525366,35226,13.11.17
68991,527539,37307,13.11.17
68992,527080,36150,13.11.17
68993,527002,35758,13.11.17
68994,523830,42780,13.11.17,13.11.17
68995,523830,42780,13.11.17
69032,389632,98588,20.11.17,20.11.17
69092,386371,93008,01.12.17
69093,386044,95170,01.12.17
69094,386059,95635,01.12.17
69096,398322,108777,05.12.17
69097,398243,47113,05.12.17
69098,398232,108349,05.12.17
69099,391368,102086,05.12.17
69100,398582,111920,05.12.17
69104,388971,95717,06.12.17
69106,388974,95674,06.12.17
69108,388564,95351,06.12.17
69109,388429,95313,06.12.17
69110,387661,94264,06.12.17
69111,387764,94307,06.12.17
69112,387728,94263,06.12.17
69113,386702,93408,06.12.17
69114,386975,92883,06.12.17
69115,385833,93562,06.12.17
69117,387540,93440,06.12.17,06.12.17
69119,387621,93481,06.12.17
69120,389014,93290,06.12.17
69122,388990,93322,06.12.17
69123,388994,93309,06.12.17
69124,389032,93097,06.12.17
69126,385515,102805,07.12.17
69127,386146,102608,07.12.17
69128,386200,103152,07.12.17
69129,384054,103464,07.12.17
69130,383894,102890,07.12.17
69131,384733,101505,07.12.17
69132,388188,101385,07.12.17
69134,392378,94878,11.12.17
69200,386987,96247,01.02.18,07.06.18
69244,395666,89265,12.02.18
69245,395548,89436,12.02.18
69246,396132,89031,12.02.18
69247,398628,90794,12.02.18
69248,399142,89279,12.02.18
69249,400468,91454,12.02.18
69250,401318,90606,12.02.18,12.02.18
69251,401207,86551,12.02.18
69252,402657,87022,12.02.18
69253,402390,87013,12.02.18
69254,402023,86451,12.02.18
69255,401329,87028,12.02.18
69256,401126,87198,12.02.18
69257,401001,87071,12.02.18
69258,401097,90606,12.02.18
69284,385352,94657,22.02.18
69285,383595,95590,22.02.18
69286,382865,96402,22.02.18
69287,385033,96092,22.02.18
69288,537887,149622,27.02.18
69289,538889,145173,27.02.18
69290,536516,146859,27.02.18
69291,535427,146324,27.02.18
69292,536592,144089,27.02.18
69293,538929,143188,27.02.18
69294,530327,144612,27.02.18,05.03.18
69295,542065,147162,27.02.18
69296,537985,147067,27.02.18
69297,538979,146621,27.02.18
69322,536864,149131,05.03.18
69324,536035,148812,05.03.18
69325,537443,148575,05.03.18
69326,536871,149845,05.03.18
69327,539001,149764,05.03.18
69328,528546,146155,05.03.18
69329,540550,143784,05.03.18
69330,527280,148616,05.03.18
69331,526813,147832,05.03.18
69332,531979,145571,05.03.18
69333,533642,144727,05.03.18
69334,532751,147285,05.03.18
69335,533654,148242,05.03.18
69336,539136,149286,05.03.18
69337,539878,148716,05.03.18
69338,535247,145012,05.03.18
69339,541634,147592,05.03.18
69340,533890,145141,05.03.18
69341,533954,145385,05.03.18
69342,533570,146758,05.03.18
69343,531437,145674,05.03.18
69344,530663,145524,05.03.18
69345,530313,145959,05.03.18
69346,529520,147168,05.03.18
69347,530099,148206,05.03.18
69348,530862,148422,05.03.18
69349,532211,147945,05.03.18
69350,541011,141215,05.03.18
69351,541206,146699,05.03.18
69352,538489,143999,05.03.18
69353,538615,148023,05.03.18
69354,544908,145016,05.03.18,17.05.18
69355,537597,145875,05.03.18
69356,530327,144612,05.03.18
69448,398215,112557,21.03.18
69450,398002,112473,21.03.18
69483,384745,100296,29.03.18
69485,384939,99141,29.03.18,07.06.18
69486,384972,99039,29.03.18,07.06.18
69487,382265,97078,29.03.18
69489,384907,99288,29.03.18,07.06.18
69491,385038,99321,29.03.18
69502,395292,110589,29.03.18
69503,394287,110074,29.03.18
69504,394454,110203,29.03.18
69505,395436,110728,29.03.18
69506,582962,164445,02.04.18,29.12.18
69507,583490,164432,02.04.18,21.12.18
69518,395475,104809,05.04.18
69519,395541,104728,05.04.18
69520,394852,110700,05.04.18
69556,613140,160315,09.04.18,29.05.18
69575,398605,112941,10.04.18
69580,398285,112475,10.04.18
69588,396931,110247,10.04.18
69590,610254,163636,11.04.18,18.08.18
69594,609691,160225,11.04.18,05.07.18
69595,610414,159026,11.04.18,29.05.18
69598,609331,164553,12.04.18,29.05.18
69599,609898,164581,12.04.18,29.05.18
69600,609954,162708,12.04.18,29.05.18
69622,397695,110481,12.04.18
69620,397695,110481,12.04.18
69621,397695,110481,12.04.18
69618,397695,110481,12.04.18
69619,397695,110481,12.04.18
69623,397182,109526,12.04.18
69624,398604,111157,12.04.18
69632,395993,110542,15.04.18
69640,539712,145855,16.04.18
69641,542465,146895,16.04.18
69646,598518,141392,16.04.18
69647,598800,140169,16.04.18
69648,616842,155558,16.04.18,05.07.18
69749,541388,160467,20.04.18
69813,616912,155513,24.04.18,30.10.18
69814,610627,163727,24.04.18,29.05.18
70052,615041,157940,01.05.18,29.05.18
70053,612224,159600,01.05.18,29.05.18
70095,611548,161413,03.05.18,29.05.18
70198,614269,159317,04.05.18,29.05.18
70322,614846,158357,06.05.18,29.05.18
70327,614689,156907,07.05.18,29.05.18
70390,617097,155422,08.05.18,05.07.18
70586,546833,150119,13.05.18
70587,551972,151863,13.05.18
70616,542829,143585,15.05.18
70622,542708,143119,15.05.18
70624,544904,145055,15.05.18
70699,394658,121713,17.05.18
70700,390788,122983,17.05.18
70701,391949,121604,17.05.18
70702,392528,121128,17.05.18
70703,392012,122065,17.05.18
70704,385657,123851,17.05.18,17.05.18
70705,377671,124964,17.05.18
70706,378698,125842,17.05.18
70707,385701,123826,17.05.18
70708,385701,123826,17.05.18
70709,399630,117576,17.05.18
70710,399652,117599,17.05.18
70711,397372,119152,17.05.18
70712,398662,118767,17.05.18
70713,405189,112257,17.05.18
70715,403488,114869,17.05.18
70716,401361,111940,17.05.18
70717,401921,112393,17.05.18
70718,408674,107686,17.05.18
70719,409289,110737,17.05.18
70720,409288,110401,17.05.18
70722,408202,109654,17.05.18
70723,409701,110249,17.05.18
70724,410163,110920,17.05.18
70725,410417,111033,17.05.18
70726,398685,118698,17.05.18
70727,397236,119120,17.05.18
70729,401164,117705,17.05.18
70730,403025,117337,17.05.18
70731,405076,121622,17.05.18
70732,401992,117886,17.05.18
70733,403249,117208,17.05.18
70734,401099,123158,17.05.18
70735,392961,121700,17.05.18
70736,393321,120668,17.05.18
70737,400630,114913,17.05.18
70738,400668,114892,17.05.18
70739,400896,113524,17.05.18
70741,401264,111890,17.05.18
70742,401269,111895,17.05.18
70743,400772,113842,17.05.18
70864,540626,162161,23.05.18
70865,540765,163005,23.05.18
70866,545112,163845,23.05.18,18.05.21
70867,543144,165322,23.05.18
70868,544542,163744,23.05.18
70870,545600,162760,23.05.18
70872,541195,162293,23.05.18
70879,543737,161128,24.05.18
70918,539043,154976,24.05.18
70942,539397,154882,25.05.18
70943,541507,154599,25.05.18
70944,539277,154199,25.05.18
70945,540289,156149,25.05.18
70946,537248,155191,25.05.18
70947,540191,153697,25.05.18
70948,535977,154256,25.05.18
70949,541889,154828,25.05.18
70950,541899,154822,25.05.18
70951,536507,154355,25.05.18
70952,540707,153226,27.05.18
70953,541096,157504,27.05.18
70954,541759,156581,27.05.18
70955,541507,154068,27.05.18
70956,541446,153739,27.05.18
70957,541691,155166,27.05.18
70958,542784,157551,27.05.18
70959,540775,152939,27.05.18
70960,536667,153356,27.05.18
71063,544446,162434,29.05.18,19.05.21
71064,543072,164203,29.05.18,29.05.18
71065,543187,164256,29.05.18,29.05.18
71066,540476,163980,29.05.18
71067,545112,163845,29.05.18
71068,542985,163270,29.05.18
71081,543809,149616,30.05.18
71083,547513,152251,30.05.18
71336,541621,163194,04.06.18,10.05.21
71654,541175,154691,12.06.18
71888,612370,154731,29.06.18,30.10.18
71936,614626,156330,01.07.18,18.08.18
72096,616180,153275,06.07.18,30.10.18
72155,610132,155509,11.07.18,30.10.18
72183,614432,154419,12.07.18,16.10.19
72224,614385,153359,20.07.18,30.10.18
72340,604157,164401,03.08.18,30.10.18
72350,610235,163611,07.08.18,30.10.18
72351,611003,162600,07.08.18,30.10.18
72460,540604,154244,24.08.18
72888,583243,164471,21.12.18,21.12.18
72889,583231,164476,21.12.18
72890,579925,167850,22.12.18
72892,582962,164445,29.12.18
76364,446364,108292,17.12.19,25.05.20
76366,446968,108656,18.12.19
76660,442458,112844,23.03.20
76661,442755,112472,23.03.20
76662,447023,108442,23.03.20
76663,447562,110638,23.03.20
76664,446956,108588,23.03.20
76665,447050,108599,23.03.20
76666,447030,109170,23.03.20,23.03.20
76667,441177,109207,23.03.20
76668,440899,113671,23.03.20
76669,440937,113242,23.03.20
76670,440694,111359,23.03.20
76671,446949,109205,23.03.20
76672,445978,107435,23.03.20
76673,443760,108259,23.03.20
76674,442817,108488,23.03.20
76675,443154,113351,23.03.20
76676,440957,112316,23.03.20
76677,446242,111510,23.03.20
76678,443034,108951,23.03.20
76679,443033,108956,23.03.20
76680,441381,109136,23.03.20
76681,440842,107912,23.03.20
76682,447538,110853,23.03.20
76683,440811,112823,23.03.20
76684,439992,112912,23.03.20
76757,553778,151853,06.04.20
76769,611903,160322,07.04.20,30.07.20
76770,613884,157147,07.04.20,13.06.20
76771,614394,153340,07.04.20,13.06.20
76772,613254,153773,07.04.20,13.06.20
76806,613509,159833,08.04.20,13.06.20
76879,613319,154320,10.04.20,13.06.20
76992,387251,101555,17.04.20
77160,615057,157952,23.04.20,13.06.20
77161,614269,159292,23.04.20,13.06.20
77162,613568,159609,23.04.20,13.06.20
77317,617107,155422,29.04.20,13.06.20
77358,616563,156167,03.05.20,13.06.20
77359,614704,156946,03.05.20,13.06.20
77445,605194,164605,05.05.20,13.06.20
77446,617169,155833,05.05.20,30.07.20
77624,448327,114829,12.05.20
78006,446314,108518,25.05.20
78124,534939,154020,30.05.20
78125,534595,153679,30.05.20
78126,539740,153472,30.05.20
78130,541428,157091,31.05.20
78198,540614,157323,02.06.20
78352,545322,149426,08.06.20
78575,546840,153016,14.06.20
78652,536922,157182,16.06.20
78654,539253,157187,16.06.20
78655,536838,156893,16.06.20
78656,539253,157187,16.06.20
78701,539135,155399,17.06.20
78891,447138,111008,26.06.20
79332,609895,164581,29.07.20,17.09.20
79456,604695,164357,14.08.20,17.09.20
79814,611840,158949,29.11.20
61568,523283,56554,10.09.15
61569,521904,56004,10.09.15
61570,526607,58874,10.09.15
61571,521156,55238,10.09.15
61572,527977,59794,10.09.15
61573,523582,54907,10.09.15
61574,521367,62379,10.09.15
61575,517979,63175,10.09.15
61576,522967,60828,10.09.15
61577,528486,56525,10.09.15
61580,521506,62542,10.09.15
61582,527217,62928,10.09.15
61583,520254,61296,10.09.15
61584,521065,54717,10.09.15
61594,522102,55015,15.09.15
61595,520748,49706,15.09.15
61596,522945,57419,15.09.15
61597,521875,55912,15.09.15
61598,519421,62523,15.09.15
61758,538152,162747,16.11.15,16.11.15
61762,538152,162747,16.11.15,26.04.16
61764,537925,164104,17.11.15,17.11.15
61765,537807,164128,17.11.15,17.11.15
61766,537967,164100,17.11.15
61767,537952,164159,17.11.15
61768,536804,163125,17.11.15
61769,536807,163128,17.11.15
61774,537682,163310,17.11.15
61775,536576,162537,17.11.15
61776,535920,162739,17.11.15
61777,539634,164255,17.11.15,17.11.15
61778,539577,164308,17.11.15
61862,404659,96146,29.12.15
62152,611614,155093,21.03.16,21.03.16
62198,614387,153347,26.03.16,13.05.16
62199,613006,155532,26.03.16,13.05.16
62200,615469,154434,26.03.16,12.05.16
62201,614567,154070,26.03.16,04.05.16
62202,613536,155636,26.03.16,04.05.16
62203,612365,154745,26.03.16,12.05.16
62204,613862,157144,26.03.16,22.05.16
62205,613263,157877,26.03.16,12.05.16
62206,604798,164989,26.03.16,12.05.16
62226,545390,112690,31.03.16,08.04.16
62227,550001,103616,31.03.16,08.04.16
62228,553919,102652,31.03.16,08.04.16
62229,546371,111043,31.03.16
62230,546388,110003,31.03.16,08.04.16
62318,608006,164072,06.04.16,22.05.16
62319,616892,155518,06.04.16,22.05.16
62320,599396,140933,06.04.16
62321,599986,140324,06.04.16
62322,599258,139606,06.04.16
62388,545390,112690,08.04.16
62389,550001,103616,08.04.16
62390,553919,102652,08.04.16
62391,545695,110225,08.04.16,08.04.16
62392,546388,110003,08.04.16
62393,552285,103150,08.04.16
62672,615054,157953,22.04.16,13.05.16
62702,611220,160050,24.04.16,10.05.16
62703,613564,159623,24.04.16,03.06.16
62704,615628,158350,24.04.16,03.06.16
62705,616209,158117,24.04.16,03.06.16
62706,617097,155422,24.04.16,22.07.16
62764,613140,160315,25.04.16,03.06.16
62766,616922,155839,25.04.16,03.06.16
62768,546310,113422,25.04.16,14.04.19
62808,538301,162917,26.04.16
62848,539779,161802,27.04.16
62850,611536,161513,27.04.16,03.06.16
62851,536541,155903,27.04.16
62852,536180,156065,27.04.16
62853,536433,156933,27.04.16
62930,539210,162323,29.04.16
62934,541242,160753,29.04.16
63082,612222,159599,04.05.16,03.06.16
63108,537564,159096,04.05.16
63168,613370,159563,05.05.16,03.06.16
63200,616253,156791,05.05.16,22.07.16
63229,539969,163308,05.05.16
63336,612111,159702,10.05.16,03.06.16
65190,616180,153275,22.07.16,22.07.16
65191,610127,155505,22.07.16,27.09.16
65199,616180,153275,22.07.16,27.09.16
65230,614394,153346,28.07.16,27.09.16
65242,612363,154745,31.07.16,27.09.16
65258,614446,154480,04.08.16,27.09.16
65354,526906,122298,19.08.16,03.07.17
65596,615517,154214,27.09.16,14.06.17
65988,590429,160967,22.02.17
66018,590969,160724,06.03.17
66019,588227,162071,06.03.17
66128,616028,153626,25.03.17,14.06.17
66129,614505,154352,25.03.17,16.05.17
66130,615853,153081,25.03.17,16.05.17
66131,615787,152625,25.03.17,16.05.17
66132,609047,160620,26.03.17,16.05.17
66133,609047,160620,26.03.17,02.04.17
66134,609599,162433,26.03.17,02.04.17
66154,616892,155518,29.03.17,16.05.17
66156,614713,156923,29.03.17,16.05.17
66157,614238,155913,29.03.17,16.05.17
66158,616209,158117,29.03.17,14.06.17
66159,615628,158350,29.03.17,16.05.17
66188,609621,161542,01.04.17,16.05.17
66190,609221,162688,03.04.17,12.07.17
66191,609902,160488,03.04.17,16.05.17
66192,608842,160419,03.04.17,16.05.17
66193,613564,159623,03.04.17,14.06.17
66198,615027,153902,03.04.17,16.05.17
66221,613140,160315,05.04.17,14.06.17
66284,610340,159933,07.04.17,16.05.17
66285,614847,158360,07.04.17,14.06.17
66482,599582,139017,19.04.17
66630,611536,161513,25.04.17,14.06.17
66679,612224,159600,25.04.17,14.06.17
73038,410843,45327,09.03.19
73039,406238,45826,09.03.19
73040,406202,45845,09.03.19
73041,407277,36568,09.03.19
73118,548801,116217,19.03.19
73120,548673,116318,19.03.19
73122,611903,160322,20.03.19,30.08.19
73123,609401,163958,20.03.19,31.05.19
73150,551154,103367,25.03.19
73222,613326,154371,02.04.19,31.05.19
73223,614278,154652,02.04.19,31.05.19
73224,611837,157420,02.04.19,31.05.19
73225,610974,162609,02.04.19,31.05.19
73226,613011,154806,02.04.19,31.05.19
73232,613884,157147,03.04.19,31.05.19
73274,409122,45388,04.04.19,04.04.19
73336,597282,139391,09.04.19
73337,597291,139356,09.04.19
73338,613509,159833,10.04.19,31.05.19
73340,617211,155076,10.04.19,30.08.19
73344,616917,155510,10.04.19,30.08.19
73357,611191,163143,10.04.19,31.05.19
73386,553244,102736,14.04.19
73406,612412,161799,15.04.19,31.05.19
73420,550705,150492,16.04.19,19.05.19
73585,610622,162432,22.04.19,12.06.19
73586,614643,158811,22.04.19,30.08.19
73587,615057,157952,22.04.19,31.05.19
73588,611509,161385,22.04.19,12.06.19
73609,612871,161066,23.04.19,23.04.19
73672,612593,159118,23.04.19,12.06.19
73951,615370,156754,06.05.19,12.06.19
74878,397555,107984,16.06.19
74986,544574,151712,18.06.19
75218,545300,162690,23.06.19
75548,610501,155027,12.07.19,16.10.19
